,Happiness,Surprise,Disgust,Repression,Others
Happiness,0.911765,0.000000,0.000000,0.000000,0.088235
Surprise,0.040000,0.880000,0.000000,0.000000,0.080000
Disgust,0.032258,0.000000,0.854839,0.000000,0.112903
Repression,0.111111,0.000000,0.037037,0.851852,0.000000
Others,0.075472,0.009434,0.066038,0.000000,0.849057
