,Happiness,Surprise,Disgust,Repression,Others
Happiness,1.000000,0.000000,0.000000,0.000000,0.000000
Surprise,0.000000,1.000000,0.000000,0.000000,0.000000
Disgust,0.000000,0.000000,0.983871,0.000000,0.016129
Repression,0.000000,0.000000,0.000000,1.000000,0.000000
Others,0.028302,0.000000,0.037736,0.000000,0.933962
