{
  "model": "C:\\New Project\\microexpression_project\\models\\real_data_model_20260414_085233.pkl",
  "generated_at": "2026-04-14T19:00:52",
  "outputs_dir": "C:\\New Project\\microexpression_project\\results\\model_report\\20260414_190052_graphs",
  "inputs": {
    "predictions_json": "C:\\New Project\\microexpression_project\\data\\predict\\loso_predictions.json",
    "fallback_confusion_csv": null
  },
  "mode": "from_predictions_json",
  "notes": [],
  "curve_stats": {
    "roc_auc_macro_ovr": 0.981158204111566,
    "average_precision_macro_ovr": 0.9462788189340502
  },
  "metrics": {
    "n": 254,
    "accuracy": 0.8622047244094488,
    "balanced_accuracy": 0.8695023742370418,
    "macro_precision": 0.8793232056424376,
    "macro_recall": 0.8695023742370418,
    "macro_f1": 0.8697300053039478,
    "weighted_precision": 0.872966653244903,
    "weighted_recall": 0.8622047244094488,
    "weighted_f1": 0.864574309095183,
    "per_class": {
      "happiness": {
        "precision": 0.6888888888888889,
        "recall": 0.9117647058823529,
        "f1": 0.7848101265822784,
        "support": 34
      },
      "surprise": {
        "precision": 0.9565217391304348,
        "recall": 0.88,
        "f1": 0.9166666666666666,
        "support": 25
      },
      "disgust": {
        "precision": 0.8688524590163934,
        "recall": 0.8548387096774194,
        "f1": 0.8617886178861789,
        "support": 62
      },
      "repression": {
        "precision": 1.0,
        "recall": 0.8518518518518519,
        "f1": 0.92,
        "support": 27
      },
      "others": {
        "precision": 0.8823529411764706,
        "recall": 0.8490566037735849,
        "f1": 0.8653846153846154,
        "support": 106
      }
    },
    "sklearn_classification_report": {
      "Happiness": {
        "precision": 0.6888888888888889,
        "recall": 0.9117647058823529,
        "f1-score": 0.7848101265822784,
        "support": 34.0
      },
      "Surprise": {
        "precision": 0.9565217391304348,
        "recall": 0.88,
        "f1-score": 0.9166666666666666,
        "support": 25.0
      },
      "Disgust": {
        "precision": 0.8688524590163934,
        "recall": 0.8548387096774194,
        "f1-score": 0.8617886178861789,
        "support": 62.0
      },
      "Repression": {
        "precision": 1.0,
        "recall": 0.8518518518518519,
        "f1-score": 0.92,
        "support": 27.0
      },
      "Others": {
        "precision": 0.8823529411764706,
        "recall": 0.8490566037735849,
        "f1-score": 0.8653846153846154,
        "support": 106.0
      },
      "accuracy": 0.8622047244094488,
      "macro avg": {
        "precision": 0.8793232056424376,
        "recall": 0.8695023742370418,
        "f1-score": 0.8697300053039478,
        "support": 254.0
      },
      "weighted avg": {
        "precision": 0.872966653244903,
        "recall": 0.8622047244094488,
        "f1-score": 0.864574309095183,
        "support": 254.0
      }
    },
    "confusion_matrix_counts": [
      [
        31,
        0,
        0,
        0,
        3
      ],
      [
        1,
        22,
        0,
        0,
        2
      ],
      [
        2,
        0,
        53,
        0,
        7
      ],
      [
        3,
        0,
        1,
        23,
        0
      ],
      [
        8,
        1,
        7,
        0,
        90
      ]
    ],
    "confusion_matrix_true_normalized": [
      [
        0.9117647058823529,
        0.0,
        0.0,
        0.0,
        0.08823529411764706
      ],
      [
        0.04,
        0.88,
        0.0,
        0.0,
        0.08
      ],
      [
        0.03225806451612903,
        0.0,
        0.8548387096774194,
        0.0,
        0.11290322580645161
      ],
      [
        0.1111111111111111,
        0.0,
        0.037037037037037035,
        0.8518518518518519,
        0.0
      ],
      [
        0.07547169811320754,
        0.009433962264150943,
        0.0660377358490566,
        0.0,
        0.8490566037735849
      ]
    ],
    "log_loss": 0.3993654855870923
  }
}